﻿Name,HD#
eps Ori,37128
zet Pup,66811
del Cas,8538
kap Ori,38771
bet CMa,44743
bet Cas,432
alf Ara,158427
eta Cen,127972
rho Pup,67523
bet Leo,102647
eta UMa,120315
gam Ori,35468
alf Cyg,197345
bet Lup,132058
zet Oph,149757
alf Lep,36673
del Leo,97603
bet UMa,95418
eta CMa,58350
alf Cep,203280
gam TrA,135382
del Cru,106490
bet Car,80007
alf Peg,218045
eps CMa,52089
alf Hyi,12311
eta Tau,23630
iot Car,80404
bet Tau,35497
del Crv,108767
eps UMa,112185
alf Col,37795
bet TrA,141891
alf Gru,209952
bet CMi,58715
bet Eri,33111
alf02 CVn,112413
bet Lib,135742
zet Aql,177724
gam Peg,886
